{
  "model_name": "LightGBM",
  "n_descriptors": 10,
  "descriptors": [
    "ATSC3c",
    "NaaN",
    "NsSH",
    "NaaO",
    "fr_ketone",
    "VSA_EState6",
    "NaaS",
    "NsCl",
    "nS",
    "SlogP_VSA8"
  ],
  "kfold_r2_mean": -0.03531871290986814,
  "kfold_r2_std": 0.282622748815106,
  "train_r2": 0.19564652941521465,
  "train_rmse": 3.8604045600260157,
  "train_mae": 2.8835199714647906,
  "holdout_r2": 0.49933671319198913,
  "holdout_rmse": 1.8707624546926849,
  "holdout_mae": 1.5497467981201871,
  "overfitting_gap": -0.3036901837767745,
  "extreme_high_mae": 1.9007462539513937,
  "extreme_high_n": 3,
  "extreme_low_mae": 1.9482544602308618,
  "extreme_low_n": 3,
  "feature_importance": {
    "ATSC3c": 88.0,
    "NaaN": 0.0,
    "NsSH": 0.0,
    "NaaO": 0.0,
    "fr_ketone": 0.0,
    "VSA_EState6": 12.0,
    "NaaS": 0.0,
    "NsCl": 0.0,
    "nS": 0.0,
    "SlogP_VSA8": 0.0
  }
}