{
  "model_name": "XGBoost",
  "n_descriptors": 5,
  "descriptors": [
    "AATS0Z",
    "AATS0are",
    "AATS0d",
    "AATS0dv",
    "AATS0i"
  ],
  "kfold_r2_mean": -0.9494470978857551,
  "kfold_r2_std": 0.9461168227572895,
  "train_r2": 0.9929922898410335,
  "train_rmse": 0.36032750574058003,
  "train_mae": 0.27315692267842495,
  "holdout_r2": 0.16909353274325212,
  "holdout_rmse": 2.4100266321574715,
  "holdout_mae": 1.808667773698764,
  "overfitting_gap": 0.8238987570977814,
  "extreme_high_mae": 2.8959556323692333,
  "extreme_high_n": 3,
  "extreme_low_mae": 2.8012618960915354,
  "extreme_low_n": 3,
  "feature_importance": {
    "AATS0Z": 0.1745092272758484,
    "AATS0are": 0.20071303844451904,
    "AATS0d": 0.214433491230011,
    "AATS0dv": 0.14473210275173187,
    "AATS0i": 0.26561206579208374
  }
}