{
  "model_name": "XGBoost",
  "descriptor_selection_seed": 986,
  "n_descriptors": 35,
  "descriptors": [
    "ATS1pe",
    "AATSC3c",
    "GATS2m",
    "ATS8dv",
    "AATSC2d",
    "SIC2",
    "MAXdO",
    "MPC8",
    "SsSH",
    "n6Ring",
    "MATS2m",
    "ATSC4i",
    "ATS6Z",
    "qed",
    "GGI6",
    "RNCG",
    "Chi0n",
    "fr_Al_COO",
    "AATS1are",
    "ATSC1d",
    "AATS1dv",
    "Chi0v",
    "AATSC4Z",
    "MATS2dv",
    "ATSC8d",
    "AATS2pe",
    "ATSC1i",
    "fr_halogen",
    "MinPartialCharge",
    "nAromBond",
    "ATS2pe",
    "n6aRing_1",
    "SMR",
    "MATS2pe",
    "AATSC3m"
  ],
  "kfold_r2_mean": -0.3259319694603172,
  "kfold_r2_std": 0.11027292263963413,
  "train_r2": 0.999999978567035,
  "train_rmse": 0.0006301594847777505,
  "train_mae": 0.00045242208242614936,
  "holdout_r2": 0.7322940399319645,
  "holdout_rmse": 1.3679643900842677,
  "holdout_mae": 1.117861675911333,
  "overfitting_gap": 0.26770593863507053,
  "feature_importance": {
    "fr_Al_COO": 0.2684647738933563,
    "Chi0v": 0.10213249176740646,
    "MAXdO": 0.0949447751045227,
    "MATS2pe": 0.07265273481607437,
    "ATSC4i": 0.06199510395526886,
    "GATS2m": 0.055284224450588226,
    "AATS2pe": 0.05235259607434273,
    "AATSC2d": 0.04239314794540405,
    "AATSC3c": 0.03803052380681038,
    "MATS2dv": 0.030518367886543274,
    "RNCG": 0.0244245994836092,
    "SIC2": 0.022894658148288727,
    "SsSH": 0.02186775580048561,
    "AATS1dv": 0.018375566229224205,
    "ATSC1d": 0.014735214412212372,
    "AATS1are": 0.014215102419257164,
    "ATSC1i": 0.01280915830284357,
    "MinPartialCharge": 0.009886249899864197,
    "qed": 0.009439093992114067,
    "MPC8": 0.008778300136327744,
    "SMR": 0.007919983007013798,
    "AATSC3m": 0.005974487401545048,
    "Chi0n": 0.003514594165608287,
    "MATS2m": 0.00348463817499578,
    "ATSC8d": 0.001077089924365282,
    "AATSC4Z": 0.0009865249739959836,
    "ATS1pe": 0.000484916236018762,
    "fr_halogen": 0.00034059537574648857,
    "ATS6Z": 2.0235052943462506e-05,
    "ATS8dv": 1.2765156043315073e-06,
    "nAromBond": 1.1387089671188733e-06,
    "n6Ring": 1.2316408515289368e-07,
    "GGI6": 5.12481506120821e-08,
    "ATS2pe": 9.344294227275896e-09,
    "n6aRing_1": 0.0
  }
}